Name,Tracking,Date
Calvin Brauer Stormarner Straße 31 22049 HAMBURG,A0022F32CB0000333496,01.10.2026
Henning Kunkel Am Holunerbusch 33 76337 WALDBRONN,A0022F32CB00003334A5,01.10.2026
Luca Guerra Am Schildchen 6 50765 KOLN,A0022F32CB00003334B0,01.10.2026
Desiree Klever Rupertusstraße 22 83313 SIEGSDORF,A0022F32CB00003334C3,01.10.2026
Nico Homann Kufsteinerstr.5 45899 GELSENKIRCHEN,A0022F32CB00003334DA,01.10.2026
Ronni Nielsen Østervang 47 2. tv. 4930 MARIBO,A0022F32CB00003334E9,01.10.2026
Simone Caloni Via G. Parini 8b 21013 GALLARATE,A0022F32CB00003334FC,01.10.2026
Ilaria Facconi Via Michelangelo Buonarroti 30 24030 PONTIDA,A0022F32CB0000333501,01.10.2026
Navid Soleimani Platzergasse 1/1/43 1210 WIEN,A0022F32CB0000333512,01.10.2026
Pablo Curto Calle Virgen De La Oliva 44 5A 28037 MADRID,A0022F32CB0000333527,01.10.2026
Jukka Lindholm Pulmussuontie 52 20360 TURKU,A0022F32CB0000333534,01.10.2026
miguel angel ferrero araujo Mayor 108 casa 49349 ANTA DE RIOCONEJOS. ZAMORA,A0022F32CB000033354D,01.10.2026
